{"0": [0.31079087247055165, -0.006982340130348988], "1": [0.06240515774628528, 0.10714601637389796], "2": [-0.08666005895460115, 0.17687150658667633], "3": [0.004477225774512179, -0.012118089063921391], "4": [0.18155596580425182, 0.1473789612586554], "5": [0.08445898316243172, 0.18394813326923756], "6": [0.1442994768349076, 0.26865452730348754], "7": [0.16140828549247163, 0.24189246585597424], "8": [0.2804682094540055, 0.3708538050529502], "9": [0.3239055998352189, 0.3387212826260821], "10": [0.19096888557636268, 0.19800541053602727], "11": [0.0526373077822089, 0.24553039695953316], "12": [-0.01641550632846971, 0.22055649023459886], "13": [0.17812147050803767, 0.3072048757463904], "14": [-0.06341650281308753, 0.013693613586222116], "15": [0.2025966932426118, 0.36566321819819214], "16": [0.2888917597899038, 0.18274498668887634], "17": [-0.3798268487234324, 0.3212465196106216], "18": [-0.05071392553925494, -0.0676612663038027], "19": [-0.1473515445855407, 0.07726956263289435], "20": [-0.0458459928945971, -0.16884541595175787], "21": [-0.08359071802489214, -0.1358325780304943], "22": [0.06952885219370344, -0.1545515599987155], "23": [0.018896679222636572, -0.1154662235751949], "24": [-0.16028559662846542, -0.05556935659305878], "25": [0.196484774187686, -0.20561714331539552], "26": [-0.012590642343467174, 0.2809820872575244], "27": [-0.08283918939116941, 0.06513437696919254], "28": [-0.1773901675336099, 0.02354082224959306], "29": [-0.05029938139096795, 0.15617866576228606], "30": [0.025398681080833554, 0.09467966473556205], "31": [-0.24496149491301514, 0.048720965142913436], "32": [-0.1969717757994564, -0.22957453562267485], "33": [-0.12649782379685723, 0.1489459093706301], "34": [-0.19194016398751482, 0.4175580162149071], "35": [-0.3261894024206251, 0.36775647006795853], "36": [-0.10365672934380686, -0.025382905374862062], "37": [-0.1855065739570087, 0.28667579879307636], "38": [-0.13792763462643715, -0.11647713943940595], "39": [-0.15951305733847515, -0.019490411548679587], "40": [-0.09081381820161512, -0.004879523390505589], "41": [-0.22595609913813128, 0.24959919868310088], "42": [-0.1850944123959324, 0.22052838636452918], "43": [-0.14542638344035994, 0.2335059912698134], "44": [-0.1830980245629911, 0.1279096251745469], "45": [-0.14022243871221857, 0.4029510454789475], "46": [0.0721935199572669, -0.09566660888693528], "47": [-0.10295624642691072, 0.22557883577443877], "48": [0.04983037682278689, 0.03383922074811878], "49": [-0.13697619964917176, 0.295231348629041], "50": [-0.057032450815592835, 0.30093392591711443], "51": [-0.0005673495772470798, -0.21693708335633352], "52": [0.22250260289349275, -0.24185777873720363], "53": [0.021294486520637222, -0.3274424042825847], "54": [0.39721043329245787, 0.14064070780504026], "55": [-0.3725144968116289, -0.02622207370839258], "56": [-0.21360555681589932, 0.010135917308416963], "57": [-0.2830250736151043, 0.06367829875965988], "58": [-0.38677816721759156, 0.024100830585813925], "59": [-0.5060793282326275, 0.0748116344383227], "60": [0.008834648335340778, 0.45744664327904194], "61": [-0.1187888333983279, 0.3518036763950381], "62": [-0.014761136473753772, 0.3956635685354974], "63": [0.14306152860970045, 0.4038951716639285], "64": [-0.02787924183234821, 0.34350368088975447], "65": [-0.2472290364965681, 0.21830715624207225], "66": [-0.4213242150645408, 0.21510111360141787], "67": [0.06080190317954989, -0.4859994308653466], "68": [0.268179836566492, -0.14312513911144314], "69": [-0.07261255383521784, -0.8679590130762581], "70": [0.1402952899846567, -0.2879535196525463], "71": [0.18839261634393495, -0.037828162409090337], "72": [-0.048582710453705755, -0.10576502671265316], "73": [0.2324642197771956, -0.36384390385245746], "74": [0.24359239311221176, 0.11032740351572788], "75": [0.03511931334008112, 0.3222540990002791], "76": [-0.34054123269811387, 0.15203869488854682], "77": [-0.08225006041677341, 0.32263182505780674], "78": [-0.40632806532173044, 0.5100927001300409], "79": [-0.2403825805902342, -0.10292654473059829], "80": [-0.06745233829717767, -0.2341079246334857], "81": [-0.22635548529562793, -0.19873048675730562], "82": [0.07493566072072244, 0.41226494289944127], "83": [-0.20601949354695961, -0.13397743312896096], "84": [-0.15361307779658182, -0.28361881831510205], "85": [0.5182491641671708, -0.4130397087564518], "86": [-0.3472974146230205, 0.20696599364194965], "87": [-0.2470485776548539, -0.6498482780663976], "88": [0.3383465447203685, -0.38835846084134756], "89": [-0.26541239716591636, 0.30320228232170554], "90": [-0.3210143716395642, 0.45738374992451314], "91": [0.16970266805376058, -0.37889774149464633], "92": [0.42643465213603404, -0.6089465873758336], "93": [-0.2274545315129951, -0.3031099190169774], "94": [-0.34150020044682255, -0.27665621886962116], "95": [0.08910829301033428, 0.02169991655222291], "96": [-0.14895373914297627, -0.15089091500640334], "97": [-0.2676856234452183, -0.1171937835849698], "98": [-0.38244376091199406, -0.2480718250541776], "99": [-0.30511549063716176, -0.22501522185456893], "100": [-0.3740704172512712, -0.35602323170726224], "101": [-0.43048759522393837, -0.33741513493827885], "102": [-0.3971259874328026, -0.29870370233023086], "103": [-0.39074322822184127, -0.4166155686926492], "104": [-0.35595610162910546, -0.41941526741926266], "105": [-0.47878957282972356, -0.3336435654157316], "106": [-0.35126833449174505, -0.18895932256792156], "107": [-0.3319668604058316, -0.35084917959153517], "108": [0.6233433701794023, -0.27510574983610375], "109": [0.45106846313384447, -0.20562731815097401], "110": [0.2547965511998064, -0.06045937401131381], "111": [0.6766529380412312, -0.2569495375937438], "112": [0.5825561009519723, -0.2578950323912404], "113": [-0.25672869565818157, 0.4227588941150609], "114": [0.3291563991475418, -0.2950293208369963], "115": [0.17162708337643376, 0.03217019130794164], "116": [0.8914596473186613, -0.3832305809021728], "117": [0.9356550024977043, -0.47570705942826225], "118": [0.7800745624548214, -0.27821390320090544], "119": [-0.37422996544032755, 0.09074982299567026], "120": [-0.4337919575481403, 0.41645304409028794], "121": [-0.26385525528044257, 0.16761423026422712], "122": [-0.4981921985458902, -0.5008101999679645], "123": [-0.5063382083903477, -0.42186352812188077], "124": [0.2929072434539374, -0.2225092326089066], "125": [-0.29291735726479745, 0.253420641239346], "126": [-0.21991324622597067, 0.5377919263534301], "127": [-0.46037495055991196, 0.4058412010942967], "128": [0.03763124505009397, 0.5459359242803923], "129": [-0.24513263960695503, 0.5362364091407287], "130": [-0.12371614252472395, -0.04880565280948346], "131": [0.55833257742513, -0.1770894847256203], "132": [0.5465053496374455, -0.12094880750534608], "133": [0.8477495860267084, -0.3124049105442685], "134": [0.8269423169581922, -0.2410109596831828], "135": [0.7144998922958112, -0.059197342164461875], "136": [-0.24828475137750028, 0.08180563223119591], "137": [-0.30799604622708304, 0.38718326402855374], "138": [0.08112309588563782, 0.27068056787312866], "139": [1.0, -0.40623818480382823], "140": [0.8579353726943239, -0.18402703036110968], "141": [0.9926006283509939, -0.2970372007865726]}